{"mean":{"confidence_interval":{"confidence_level":0.95,"lower_bound":614123207.2,"upper_bound":623425590.01},"point_estimate":618660828.65,"standard_error":2371582.0265709804},"median":{"confidence_interval":{"confidence_level":0.95,"lower_bound":609975967.0,"upper_bound":623134347.0},"point_estimate":616529039.0,"standard_error":3660780.87124146},"median_abs_dev":{"confidence_interval":{"confidence_level":0.95,"lower_bound":17252676.37830378,"upper_bound":26731731.201016903},"point_estimate":20798760.47794819,"standard_error":2410827.7472933233},"slope":null,"std_dev":{"confidence_interval":{"confidence_level":0.95,"lower_bound":19569149.76758764,"upper_bound":27809146.03421228},"point_estimate":23866704.016861778,"standard_error":2115564.287415117}}