{"mean":{"confidence_interval":{"confidence_level":0.95,"lower_bound":0.0704030014732148,"upper_bound":0.10687795307734319},"point_estimate":0.08955315772715533,"standard_error":0.009296750415833239},"median":{"confidence_interval":{"confidence_level":0.95,"lower_bound":0.084456582991568,"upper_bound":0.11594931754929694},"point_estimate":0.09968046485358117,"standard_error":0.008219445093004929}}