{"mean":{"confidence_interval":{"confidence_level":0.95,"lower_bound":774282086.86725,"upper_bound":809434089.61},"point_estimate":791376542.43,"standard_error":9019956.613361195},"median":{"confidence_interval":{"confidence_level":0.95,"lower_bound":748601752.5,"upper_bound":787586076.0},"point_estimate":762806489.5,"standard_error":10280708.252642816},"median_abs_dev":{"confidence_interval":{"confidence_level":0.95,"lower_bound":55919352.93473303,"upper_bound":94771425.65267086},"point_estimate":75661694.9557364,"standard_error":10169770.842082838},"slope":null,"std_dev":{"confidence_interval":{"confidence_level":0.95,"lower_bound":74464749.62746844,"upper_bound":104561043.16794024},"point_estimate":90935295.0404084,"standard_error":7740231.11540161}}