{"mean":{"confidence_interval":{"confidence_level":0.95,"lower_bound":-0.00721290494723515,"upper_bound":0.07459720667804465},"point_estimate":0.03300028508380515,"standard_error":0.02090244718595712},"median":{"confidence_interval":{"confidence_level":0.95,"lower_bound":0.028644845040970868,"upper_bound":0.08824414802613134},"point_estimate":0.052718744301322396,"standard_error":0.01515624258470746}}